earn,height,sex,race,edu,age
79571.29901,73.89,male,white,16,49
96396.98864,66.23,female,white,16,62
48710.66695,63.77,female,white,16,33
80478.09615,63.22,female,other,16,95
82089.3455,63.08,female,white,17,43
15313.3529,64.53,female,white,15,30
47104.17182,61.54,female,white,12,53
50960.05428,73.29,male,white,17,50
3212.649556,72.24,male,hispanic,15,25
42996.63788,72.4,male,white,12,30
10328.61884,70.22,male,white,16,69
1002.307155,63.15,female,white,14,54
47597.81986,68.11,male,white,11,38
19019.5423,68.08,male,white,12,31
20063.99664,64.86,female,white,12,55
992.8323463,60.06,female,white,12,31
35972.17112,66.01,female,white,16,39
26930.54396,68.07,male,white,12,62
64602.06397,68.16,female,white,14,33
69993.69307,70.02,male,white,13,48
1000.218306,67.08,female,white,9,25
12131.82212,64.2,female,black,12,59
84223.39792,72.76,male,black,13,39
8949.474935,62.17,female,white,13,55
23278.32328,63.04,female,white,14,25
8750.139185,66.67,male,white,14,26
64593.59981,65.95,female,white,12,45
54079.81495,71.69,male,white,12,49
16896.10004,62.76,female,black,12,39
-95.71027923,68.46,male,white,11,25
43938.8576,64.07,female,white,16,64
1004.095614,60,female,white,12,48
79478.04682,71.97,male,white,16,42
984.7618133,68.25,female,white,12,59
65237.77005,76.68,male,white,16,37
978.8720908,63.77,female,white,10,23
24845.42859,63.96,female,white,14,29
40754.10297,63.72,female,white,12,37
119251.0551,71.92,male,white,17,43
42933.01226,68.12,male,white,17,35
20088.31146,64.48,female,white,12,30
12924.224,60.94,female,white,14,82
48693.4798,67.19,female,black,14,35
34383.10185,65.05,female,white,12,61
43928.41983,64.17,female,white,14,30
5782.248948,66.49,female,white,15,69
40758.55772,65.58,female,white,12,34
39162.87545,64.93,female,white,12,45
51896.84667,67.02,female,white,18,33
16905.14086,67.49,female,white,17,34
1000.991111,70.03,female,white,12,61
18497.85389,60.61,female,hispanic,12,25
30740.47804,64.92,female,white,13,36
32803.44269,62,female,white,12,33
5529.471498,72.16,male,white,10,22
20594.71121,66.35,male,black,8,60
39816.5002,70.09,male,white,12,69
33327.59878,70.05,male,white,17,45
55067.79312,68.49,female,white,17,53
10545.45025,60.13,female,white,12,69
26979.29767,71.15,male,white,12,32
55634.16968,70.77,male,white,12,36
6380.091481,72.87,male,white,13,22
23264.37419,68,female,white,14,59
16918.21892,65.64,female,white,12,61
39676.2645,68.74,male,white,16,33
994.1335039,63.02,female,white,8,67
26420.83225,62.8,female,white,14,31
986.4492911,65.99,female,black,13,34
986.9936276,64.66,female,white,12,30
25550.75591,62.04,male,hispanic,14,32
27235.26802,64.24,female,white,14,47
7354.053632,63.82,female,white,9,72
7101.324159,66.95,female,white,9,56
35041.7055,71.28,male,white,12,43
1318.875553,59.63,female,white,16,57
42343.34397,66.34,female,white,16,31
4985.246016,66,female,white,15,25
28022.63867,65.49,female,white,14,43
13729.67202,69.96,female,white,13,26
991.5999663,64.79,female,white,13,67
20074.77298,66.35,female,white,13,72
16901.65588,62.09,female,white,12,51
16899.21842,65.83,female,white,15,71
999.3380971,63.78,female,white,14,42
23831.53165,71.81,male,white,12,43
4812.715281,67.12,female,hispanic,8,43
47742.12527,68.19,male,hispanic,12,36
47655.59072,69.76,male,white,12,37
16892.6857,61.91,female,white,12,42
8934.46253,63.29,female,white,13,30
20099.92184,65.48,female,white,13,67
32803.30259,69.75,female,white,10,65
32811.86237,68.09,female,white,12,40
31765.89678,70.21,male,white,14,27
1001.000439,65.99,female,white,12,63
2907.206417,66.23,female,white,12,24
2115.675897,67.79,female,white,16,36
31884.90924,69.94,male,white,16,31
16905.02208,60.75,female,hispanic,12,26
48686.33523,62.9,female,white,12,77
64606.32352,63.47,female,white,14,60
39751.19403,67.14,male,white,12,93
16881.71416,60.66,female,white,17,83
96382.89009,69.55,female,white,18,67
986.2286138,63.46,female,white,12,25
29618.82512,67.83,female,white,12,70
26500.24296,64.39,female,white,12,37
24854.97274,67.01,female,black,14,34
15885.51951,68.79,male,white,17,27
53463.62235,67.05,female,white,13,47
29627.8222,67.83,female,white,12,34
24843.17486,63.03,female,white,12,41
33438.21009,70.97,male,white,12,26
34374.0791,63.91,female,black,17,47
58834.16685,68.22,male,white,11,41
61429.18541,68.43,female,white,17,48
28014.73456,65.53,female,hispanic,14,47
981.6567037,66.13,female,white,12,33
996.1821113,66.31,female,other,16,36
50924.65836,77.12,male,white,16,34
44729.61505,67.17,female,white,12,62
27223.3657,62.11,female,white,12,48
1007.70988,64.5,female,white,17,34
996.8286018,71.96,female,white,12,55
40750.02264,67.42,female,white,18,39
43929.45419,61.17,female,white,18,47
8949.671016,63.6,female,white,12,32
112309.6607,61.91,female,white,16,42
8939.554976,62.83,female,white,12,44
7932.571034,67.83,male,white,16,28
32800.80235,63.71,female,white,15,30
6359.005983,71.36,male,white,15,25
96383.07642,64,female,white,16,39
8967.876472,60.96,female,white,13,35
47691.87646,74.21,male,white,12,42
111283.2594,70.25,male,white,14,39
79481.94082,71.08,male,white,16,45
70960.34209,62.85,female,white,12,43
48722.16772,63.61,female,white,14,47
997.8911126,62.03,female,white,16,36
16912.15557,62.08,female,white,16,44
37573.29907,70.15,female,white,17,46
1005.10722,62.1,female,white,12,43
71548.08766,70.76,male,white,17,66
23878.81118,71.04,male,white,14,35
7344.957579,69.86,female,white,14,75
26877.87018,67.02,male,white,14,35
48708.52563,64.16,female,white,12,36
44711.13954,67.09,female,white,12,34
10044.72251,62.1,female,white,8,73
29611.17677,61.76,female,hispanic,13,60
68256.89671,67.95,male,black,13,48
51888.97131,62.5,female,black,14,48
995.4657572,66.19,female,black,5,55
16887.14573,68.16,female,black,18,60
95449.61023,74.23,male,white,13,49
34383.70452,68.07,female,other,12,54
4807.831331,61.74,female,white,16,26
2587.631853,65.9,female,white,15,32
42922.56794,68.18,male,white,12,31
11485.99452,60.18,female,hispanic,14,32
25447.4653,67.55,male,white,8,47
143095.8521,72.09,male,white,12,30
13720.50537,66.27,female,white,12,46
31829.28833,67.86,male,white,10,36
24858.22699,67.47,female,white,12,22
20078.96619,69.1,female,white,12,64
39165.2382,64.15,female,white,16,50
32794.54065,65.02,female,white,14,43
31207.45009,61.19,female,white,12,50
15970.26223,71.89,male,white,12,53
64610.35798,66.19,female,white,16,38
991.6289097,61.91,female,white,10,61
995.0909106,59.91,female,hispanic,10,52
39783.94695,67.85,male,white,14,68
39684.62413,70.08,male,white,12,28
39724.6811,71.13,male,white,14,36
30201.51724,71.51,male,white,16,65
70051.75089,68.28,male,white,16,52
1007.957146,65.81,female,white,12,23
1012.931152,63.07,female,white,18,59
24854.2036,60.32,female,white,14,53
28036.27308,63.06,female,white,12,40
38198.2508,67.61,male,white,12,60
37585.52111,63.65,female,white,12,41
20628.29552,70.44,male,white,12,78
103375.8778,67.81,male,white,16,50
12129.46412,60.95,female,white,12,67
63635.65709,67.78,male,white,18,67
24843.75433,66.4,female,white,17,47
31795.57881,69.7,male,white,16,29
31852.20623,70.62,male,white,12,54
32804.65455,64.76,female,white,12,46
40747.14078,66.06,female,white,12,53
77889.57639,69.9,male,white,13,41
1010.190899,63.84,female,white,12,40
1009.691869,63,female,white,16,39
40750.88305,61.39,female,white,12,69
18480.68245,66.26,female,white,14,61
26423.12934,60.8,female,white,15,42
55572.03621,72,male,white,14,47
198835.4339,74.22,male,white,18,49
37566.53669,66.83,female,white,12,51
28022.23751,66.01,female,white,16,32
1016.491013,62.09,female,white,13,35
43933.83837,62.21,female,white,12,45
111301.9251,72.23,male,white,14,36
56639.28749,65.17,female,white,15,51
16899.23075,60.07,female,white,12,66
56646.5578,61.91,female,white,15,43
24858.29737,66.01,female,white,12,42
20065.304,64.06,female,white,12,43
12641.14837,71.01,male,white,12,72
13742.37332,65.32,female,white,12,54
55575.09082,73.15,male,white,18,54
71500.59892,68.92,male,white,11,55
997.0724565,64.04,female,white,12,62
24845.73921,64.09,female,white,14,26
24831.14446,61.37,female,white,12,81
39143.60766,67.06,female,white,18,55
40770.58602,61.68,female,white,13,36
40764.77855,62.82,female,black,14,58
31727.70358,66.64,male,other,10,32
39154.25445,67.86,female,white,12,28
69902.47521,72.3,male,white,16,50
109708.7488,69.94,male,white,12,42
98535.10683,69.96,male,white,18,48
50919.6738,67.17,male,black,14,36
32810.04396,62.83,female,black,12,37
51892.94239,65.68,female,other,18,39
40756.0695,65.9,female,white,17,54
270275.8942,71.07,male,white,18,49
1001.225118,66.07,female,black,11,33
55728.58992,66.9,male,white,16,37
63516.27935,76.48,male,black,16,42
52438.92296,68.71,male,white,14,34
29615.61538,65.41,female,white,12,26
48695.6589,61.92,female,white,13,47
42341.78929,61.97,female,white,12,35
8962.402456,61.72,female,white,12,25
32800.63557,62.29,female,white,16,77
28011.6417,60.95,female,white,12,34
51878.81329,65.16,female,white,14,32
23868.14739,72,male,white,14,26
981.1949001,65.92,female,white,17,45
79510.34066,72.13,male,white,14,59
13722.14136,63.85,female,white,12,43
63693.41109,71.29,male,white,14,55
63610.475,72.43,male,white,15,45
52085.52946,65.85,male,white,12,38
32803.47923,65,female,white,14,73
58230.58792,64.9,female,black,15,43
10542.89021,61.48,female,white,12,68
20095.54583,65.97,female,black,14,38
95430.61042,66.78,male,white,14,67
64613.06682,64.3,female,white,13,48
69383.42585,63.28,female,white,12,42
72549.362,67.36,female,white,16,38
10522.9175,67.83,female,white,18,43
13718.45439,64.51,female,other,10,86
32796.95087,63.87,female,black,13,43
27064.54982,66.1,male,black,12,27
4182.394235,65.48,female,white,12,36
103364.4764,64.43,male,white,12,32
79469.68267,72.13,male,white,12,45
998.6825584,67.92,female,white,11,58
998.6844955,62.69,female,white,11,33
18477.78033,67.83,female,white,12,42
55628.23092,74.41,male,white,18,34
42838.86077,63.1,male,white,12,37
6565.331235,63.75,female,white,12,65
66836.76025,68.19,male,white,12,41
32800.53584,66.94,female,white,18,33
24847.46757,66.65,female,white,12,33
15859.53144,72.86,male,white,12,25
1003.641674,62.21,female,white,12,52
9490.296904,69.22,male,white,8,82
28032.18686,64.95,female,hispanic,16,27
55589.09431,68.9,male,hispanic,16,69
44516.1125,77.02,male,white,14,32
24848.51502,68.07,female,white,12,37
32819.85184,62.2,female,white,17,28
32807.46667,64.07,female,white,12,33
16671.50113,66.55,male,hispanic,12,46
20550.11504,70.19,male,white,16,26
16894.14542,62.2,female,white,12,56
5768.926659,62.71,female,white,12,41
39157.58192,61.99,female,white,14,33
998.5033874,62.81,female,white,17,45
28024.60101,68.84,female,white,13,39
18494.09614,64.28,female,white,12,52
1028.796709,64.52,female,white,14,41
51883.97214,68.63,female,white,14,44
28035.16406,59.06,female,white,15,30
5764.826401,66.36,female,other,12,39
1000.438447,64.97,female,white,12,45
4330.563274,62,female,black,12,25
5042.872885,75.18,male,black,11,38
28044.01761,62.99,female,white,17,30
48696.6895,65.03,female,white,13,32
23793.59629,70.02,male,white,12,36
39169.72061,68.32,female,white,16,46
16889.51586,65.01,female,white,14,71
79469.65242,69.22,male,white,8,57
79521.03099,71.7,male,white,16,57
32811.11716,63.65,female,white,17,53
48692.70459,62.84,female,hispanic,18,58
1000.81651,63.41,female,white,12,67
1019.521751,65.4,female,white,10,52
986.0550834,63.07,female,white,5,62
35986.0131,73.2,female,white,14,49
42903.38178,74.77,male,white,12,28
7363.895202,65.14,female,white,12,42
28828.8892,66.55,female,white,17,30
27220.07463,65.93,female,white,14,32
45524.39106,63.91,female,white,16,43
83682.96353,66.1,female,white,18,54
24854.28624,63.68,female,white,16,33
31210.04502,62.71,female,white,13,36
998.792807,62.75,female,white,13,48
42834.45043,72.72,male,white,12,27
23793.05683,72,male,white,8,62
1004.688193,66.06,female,white,12,28
23873.56732,71.94,male,white,14,37
24035.95899,63.9,female,white,12,59
39149.81271,64.24,female,white,13,34
28581.71976,68.16,male,white,15,40
7351.362244,61.96,female,white,12,72
7350.343896,68.48,female,white,13,61
2098.282557,59.46,female,white,12,40
39169.75014,64.79,female,white,12,95
42926.38696,76.09,male,white,12,43
20091.49317,71.41,female,white,12,39
35985.2005,62.08,female,white,18,51
48698.20427,62.21,female,white,13,40
55616.97248,71.55,male,white,12,65
31836.53096,73.79,male,white,12,46
51897.55712,65.16,female,white,16,36
10565.08035,62.79,female,other,12,35
20084.36314,66.52,female,white,12,43
989.32483,65.05,female,white,16,48
16893.65062,62.93,female,white,12,35
2583.37636,65.01,female,white,12,22
20057.94699,63.83,female,white,15,75
26434.53563,65.19,female,white,12,40
990.6328299,67.9,female,white,16,45
40730.78692,62.87,female,white,16,37
40751.8596,69.96,female,white,12,31
50933.48795,68.62,male,white,12,34
55621.93741,66.75,male,white,14,47
10538.83672,65.05,female,white,12,32
127210.6277,69.39,male,white,14,48
32799.58803,67.7,female,white,14,29
2598.335978,66.37,female,white,17,42
44502.68754,71.38,male,hispanic,13,42
41290.7032,63.87,male,hispanic,16,27
42946.13843,74.16,male,white,12,28
29617.12421,61.92,female,white,13,45
4203.924936,64.84,female,white,12,63
31774.6724,69.09,male,white,12,70
10547.65934,66.08,female,white,16,52
998.2229373,60.16,female,white,10,72
39793.23607,66.6,male,white,11,67
19083.06627,72.94,male,white,12,33
982.6037071,65.13,female,white,18,30
19019.43835,76.02,male,white,12,61
47621.5507,70.14,male,white,14,80
1002.027896,64.18,female,white,12,34
7352.906096,63,female,black,15,26
42344.14122,62.96,female,black,13,41
36597.11851,70.04,male,black,12,39
33372.93631,71.27,male,white,12,37
40755.66012,65.19,female,white,12,66
28578.77725,69.48,male,white,16,79
7372.742449,63.48,female,white,13,48
39006.15414,64.11,female,white,12,26
56653.76131,63.44,female,white,18,44
41312.41171,67.15,male,white,14,34
39767.88412,65.82,male,white,16,40
38374.92649,68.18,female,white,13,31
20079.9008,64.7,female,white,12,26
24856.38526,66.85,female,white,12,24
4771.497985,72.62,male,white,17,27
10538.59979,63.68,female,white,12,71
22284.68986,70.77,male,white,12,73
24851.19454,63.17,female,white,16,35
278213.5318,71.05,male,white,16,52
1012.728575,62.7,female,white,12,55
1605.964933,72.85,male,white,18,29
16899.98385,64.92,female,white,14,67
71575.5886,65.94,male,white,13,86
24854.25818,66.21,female,white,12,85
32804.55237,59,female,white,13,45
55626.75073,69.9,male,white,16,34
63619.6598,71.96,male,white,16,32
56660.05172,64.27,female,white,12,76
80491.70592,65.48,female,white,16,58
159001.9299,69.42,male,white,18,61
55744.07026,69.09,male,white,13,32
1019.393703,65.85,female,white,12,55
39166.08921,68.19,female,white,12,39
994.9541677,64.15,female,white,12,34
1016.641675,63.06,female,white,12,64
55597.07755,73.86,male,white,17,47
60429.42167,72.55,male,white,16,78
47666.46944,67.35,male,white,12,56
8958.406833,64.3,female,hispanic,12,43
235388.7192,66.72,male,white,18,42
47782.44652,69.45,male,white,12,36
11338.94704,63.76,female,white,15,35
5765.713783,61.71,female,white,16,41
986.4551654,65.94,female,white,8,57
36713.08783,69.45,male,white,18,73
63544.16009,67.69,male,white,17,45
47713.27462,71.77,male,white,14,43
998.3461148,63.09,female,white,14,33
23257.55906,63.09,female,white,12,41
24843.79236,68.86,female,white,12,38
42347.40103,63.75,female,white,18,40
13720.56149,71.45,female,white,12,29
39159.79683,63.98,female,black,16,31
-12.01671378,72.08,male,white,8,24
1013.271477,62.27,female,white,12,29
988.758787,65.93,female,white,10,42
8181.730282,65.8,male,white,8,71
16889.81033,60.72,female,white,15,29
1016.502739,69.1,female,white,13,23
20100.26426,68.3,female,white,16,36
999.8453884,65.9,female,white,12,27
79521.03475,67.87,male,white,17,38
37551.8484,63.61,female,white,13,30
1016.373107,61,female,white,16,44
63578.59627,65.98,male,black,14,38
10543.65189,61.86,female,black,13,30
8955.40315,64.86,female,black,16,34
174917.8485,65.81,male,white,18,41
65089.76379,72.05,male,hispanic,13,36
37562.85274,62.95,female,white,13,82
1000.542216,63.1,female,white,12,36
33354.94447,69.91,male,white,12,27
7358.506979,62.02,female,white,12,33
39763.76607,71.11,male,white,12,40
47665.41867,69.84,male,white,18,50
23255.71926,64.04,female,white,11,55
10546.27054,63.34,female,white,12,39
23266.38198,65.03,female,white,12,50
68461.37564,70.81,male,white,12,31
40750.23152,61.87,female,white,15,37
63533.92525,73.05,male,white,12,70
103313.6222,67.86,male,white,17,44
25439.90944,76.18,male,white,15,36
13715.90347,65.99,female,white,12,75
32795.51501,64.02,female,white,15,43
23259.28261,60.01,female,white,14,76
71637.55289,67.86,male,white,12,78
13712.76622,61.18,female,white,11,76
19065.51795,66.13,male,white,12,32
13735.40752,63.02,female,white,14,35
26440.49888,62.85,female,white,15,36
9579.845649,73.86,male,white,15,77
30173.63009,69.92,male,white,12,36
34396.1597,68.26,female,white,13,43
69369.6365,69.64,female,white,18,50
55664.3998,69.15,male,white,15,25
12747.04234,69.42,male,white,10,79
34385.44305,62.74,female,white,14,45
10233.0798,65.15,female,white,12,34
27082.7071,68.85,male,white,12,50
38087.32202,68.15,male,white,14,53
8935.979294,62.14,female,white,11,75
18489.6236,65.91,female,white,12,27
15920.5922,65.15,male,white,13,31
63608.3668,70.11,male,white,14,40
993.5154492,66,female,black,12,41
63604.63098,70.06,male,white,12,51
39163.51865,66.36,female,black,14,33
38187.40734,68.23,male,white,16,30
31761.68017,67.77,male,white,16,37
95330.54484,69.87,male,white,18,54
18482.85945,65.28,female,white,13,51
8950.515493,63.91,female,white,15,44
43919.14204,64.88,female,white,16,34
141452.6134,77.21,male,white,16,45
63665.59484,70.36,male,white,14,32
24859.81517,64.15,female,white,16,30
2581.04294,63.83,female,white,14,24
998.7267967,62.04,female,white,12,32
35995.18034,64.2,female,white,12,64
20086.17546,63.93,female,white,8,52
35968.84328,63.09,female,white,16,32
64581.95205,57.94,female,black,12,60
994.3239529,66,female,white,12,62
64599.9564,62.1,female,white,16,48
995.4860495,60.97,female,white,13,46
56649.76733,63.61,female,hispanic,14,57
12129.41841,64.22,female,white,12,32
23257.45318,61.35,female,white,12,41
24849.26451,64.06,female,white,12,60
997.0602405,66.31,female,black,14,35
10536.81647,66.3,female,white,13,38
18491.46325,68.48,female,black,12,45
16894.87158,63.71,female,white,13,35
1004.081672,62.42,female,white,12,63
31776.75086,71.11,male,white,14,45
12132.27314,62.1,female,white,12,77
60439.38407,67.95,male,white,9,50
46075.03539,67.96,male,white,9,62
32794.33258,62.48,female,white,10,48
13726.4773,63,female,white,12,61
57180.2849,69.28,male,white,16,55
3396.410788,67.46,female,white,12,48
67766.07102,63.84,female,white,18,33
39705.6238,69.96,male,white,12,26
20670.47568,69.3,male,white,10,24
47728.09913,69.4,male,black,11,55
11260.28579,69.05,male,white,12,27
50295.01023,59.96,female,black,12,52
24861.21883,66.62,female,black,12,46
987.1532881,59.86,female,white,18,45
79449.07802,66.77,male,white,16,53
7902.166814,66.39,male,white,15,24
1955.168187,69.87,female,black,12,22
23250.19815,63.89,female,black,8,55
64598.4563,59.72,female,other,18,39
38212.88619,68.14,male,white,18,40
35071.36648,73.49,male,black,12,28
31732.00845,71.98,male,white,8,40
32973.46426,63.69,female,white,12,42
19100.61268,66.85,male,white,13,71
66201.68697,66.88,female,white,13,44
20636.44544,70.68,male,black,9,54
1016.75165,63.23,female,white,12,29
95424.90844,73.21,male,white,16,35
38084.90994,69.94,male,white,16,29
60380.56196,69.85,male,white,16,40
5781.365367,71.49,female,white,14,31
21666.01785,66.05,female,white,12,34
7893.447455,75.04,male,white,12,25
32801.70962,59.83,female,white,14,41
34894.9421,71.97,male,white,12,32
990.3667897,63.08,female,black,16,27
44509.74314,75.11,male,black,9,59
35983.45572,59.68,female,white,12,45
47725.92514,72.54,male,black,12,48
48687.90131,64.93,female,black,12,36
47617.14218,67.12,male,white,16,35
51881.11373,60.77,female,white,12,73
42328.80079,69,female,white,17,47
35974.94676,64.05,female,white,14,38
39662.96206,70.18,male,white,12,37
18481.47382,68.24,female,white,10,28
21658.72637,62.09,female,white,12,57
16913.36768,64.15,female,white,15,46
1002.392336,67.76,female,white,12,28
20068.06073,68.05,female,white,12,49
56.37813386,66.18,male,white,13,61
12123.37893,64.22,female,white,11,68
90527.23782,72.92,male,white,14,41
57196.63019,73.38,male,white,16,41
46069.14454,68.71,male,hispanic,14,33
13727.17038,67.87,female,white,13,23
4831.589257,71.34,male,black,11,22
990.5360284,63.2,female,white,12,68
32809.72655,66.19,female,white,16,45
995.4754884,65.81,female,white,12,40
52457.29599,66.22,male,white,12,61
24864.53621,68.26,female,hispanic,12,72
25420.12962,69.66,male,white,12,37
8949.60197,62.17,female,white,12,82
13733.77487,65.98,female,white,14,47
51874.57374,63,female,black,16,38
23102.78119,74.97,male,white,12,28
21676.2739,66.86,female,white,12,33
1008.338792,62.22,female,white,10,24
12134.44673,63.24,female,white,9,29
80502.53204,65.44,female,black,18,69
20075.11247,68.84,female,black,12,39
30282.46731,71.33,male,white,14,65
15324.38108,62.23,female,white,12,59
32794.19836,64.92,female,black,12,39
87392.6632,72.34,male,hispanic,18,39
16890.3327,65.12,female,white,12,44
21661.0075,62.9,female,white,12,23
32809.66622,64.34,female,white,13,35
47708.89179,71.9,male,white,12,30
20074.66664,64.39,female,white,12,38
42347.16641,70.17,female,white,13,37
20882.68093,65.09,female,white,12,31
13706.6343,64.38,female,white,12,33
24851.84803,64.12,female,hispanic,16,36
103274.0935,67.05,male,white,14,29
39730.40078,73.13,male,white,10,25
12735.58415,73.06,male,hispanic,14,25
23877.34763,65.08,male,other,14,25
20079.30612,64.49,female,white,16,44
56642.75654,66.91,female,black,13,41
63557.97607,66.58,male,white,16,35
46114.99405,74.49,male,white,12,26
24856.16761,62.84,female,white,13,35
31818.62362,74.17,male,white,12,40
4706.620724,73.86,male,black,6,66
2596.373715,63,female,black,16,23
13711.44909,62.37,female,black,11,27
8962.850627,61.96,female,white,12,22
40751.64545,66.75,female,white,16,31
31860.27472,69.1,male,white,12,61
47719.33618,73.1,male,white,12,38
20084.31877,63.03,female,white,12,39
1009.543913,60.19,female,white,12,38
16895.39904,67.24,female,white,14,36
25455.21194,68.73,male,white,12,23
71550.40368,70.95,male,white,12,33
63567.36946,72.35,male,white,14,58
991.4023098,62.95,female,white,12,66
39688.59057,70.55,male,white,14,85
31203.65662,63.75,female,white,14,56
28969.50855,64.52,female,white,16,34
11052.26855,68.13,male,white,12,71
47697.1019,74.14,male,white,12,36
29620.40269,62.11,female,white,11,51
40743.02314,64.81,female,white,16,51
1001.392852,66.42,female,white,14,59
10535.51094,59.93,female,white,5,66
111355.5825,68.96,male,white,18,46
24855.03549,61.2,female,other,16,38
40753.32807,65.17,female,white,17,37
56670.32739,65.88,female,white,16,32
28615.28001,70.22,male,white,16,28
44568.58097,72.07,male,black,15,34
24860.36377,63.94,female,hispanic,11,25
34957.12217,71.36,male,hispanic,14,32
1007.211949,62.74,female,white,12,33
55693.83376,72.86,male,white,12,34
29624.85479,64.52,female,black,15,50
55760.76647,67.86,male,white,14,41
27068.22919,63.7,female,black,12,25
34920.53906,66.03,male,black,16,41
48697.06004,67.18,female,white,16,62
28032.20627,64.07,female,hispanic,12,31
40745.3417,64.09,female,black,14,40
16899.76576,61.94,female,white,12,55
63679.4041,69.43,male,white,12,41
20859.12534,62.89,female,white,12,67
55622.5795,71.29,male,white,15,49
984.5002135,61.15,female,hispanic,16,27
166981.0251,75.23,male,white,12,53
159024.2055,70.35,male,white,18,44
33381.77398,68.61,male,white,12,55
16898.58502,63.93,female,white,14,60
52454.80221,72.05,male,white,12,30
41354.43244,68.64,male,white,18,29
96398.22937,62.95,female,white,10,82
28625.32974,71.44,male,white,16,49
24843.18047,58.97,female,white,8,65
8031.699978,68.31,male,white,13,24
95370.55595,76.73,male,white,17,46
20078.70179,67.96,female,white,14,73
44610.20259,70.28,male,black,18,42
66786.55078,69.29,male,white,18,47
4194.424256,63.43,female,white,12,37
31855.10334,73.14,male,black,18,37
44600.17706,66.41,male,other,15,44
15997.5456,72.1,male,black,17,66
69.69149279,65.97,male,white,16,69
49365.219,72.29,male,black,12,35
28014.32091,69.15,female,black,13,41
26427.67562,67.11,female,white,12,43
56644.6467,65.88,female,white,15,42
5775.405812,67.13,female,white,12,30
26443.09305,68.29,female,white,18,43
56659.18883,64.77,female,black,15,46
43928.41646,62.55,female,black,17,37
39716.92771,68.99,male,white,17,33
1013.149459,62.04,female,white,14,82
63549.44625,70.38,male,white,16,45
72559.78299,66.23,female,white,16,47
22225.11089,65.96,male,white,12,27
40739.34077,66.04,female,white,14,41
63629.79982,71.66,male,white,12,46
54097.4887,68.61,male,white,12,39
63563.48522,65.94,male,white,12,38
55702.30145,69.1,male,white,14,32
20079.0535,59.9,female,hispanic,12,55
48710.91974,64.89,female,white,17,47
37562.05418,61.81,female,white,12,44
4169.617562,66.73,female,white,12,34
31923.2309,67.11,male,white,14,29
16911.02483,68.29,female,black,9,66
996.6721524,64.96,female,black,6,71
96404.23538,65.97,female,black,16,47
19051.34041,74.3,male,black,16,45
40745.07289,65.19,female,white,18,65
35966.4028,62.73,female,black,14,77
998.6128443,61.64,female,white,12,42
12787.90706,67.82,male,white,17,29
4195.336277,65.65,female,white,16,25
30577.51518,64.93,female,white,16,30
32797.7152,62.44,female,white,14,24
158979.0912,72.74,male,white,18,41
80508.0901,61.91,female,white,15,44
42906.43302,69.7,male,white,12,46
2609.640693,57.34,female,black,12,62
28564.2914,67.72,male,white,12,24
28025.99756,66.98,female,white,14,27
16886.85146,64.44,female,white,12,78
22206.62116,69.86,male,white,14,39
11491.84438,72.53,male,white,14,70
1023.988921,62.99,female,other,8,56
53464.70505,63.3,female,white,17,43
36578.61737,65.62,male,white,12,38
16888.73939,64.78,female,white,12,45
34939.31719,61.12,male,white,12,28
21659.54189,60.56,female,hispanic,12,23
53459.74698,66.74,female,white,12,35
57150.24287,72.79,male,white,12,40
16898.64131,71.17,female,black,14,36
10547.89165,64.19,female,white,12,64
20090.35257,67.44,female,white,12,47
16900.93365,61.76,female,white,11,51
34400.79017,67.26,female,white,12,49
41363.67762,69.02,male,white,12,36
35991.88554,65.97,female,black,12,54
37571.37428,65.72,female,black,15,58
31883.25525,66.22,male,white,15,28
16910.1848,65.99,female,white,13,42
24824.38949,63.89,female,white,12,75
11207.89127,71.87,male,black,14,28
24859.42104,63.83,female,white,12,42
987.4779829,64.33,female,white,12,64
42339.84214,64.83,female,white,16,38
15961.4273,71.79,male,white,11,35
982.9252639,63.12,female,white,8,61
4753.879883,71.2,male,white,14,24
43913.66881,63.72,female,hispanic,17,45
45521.6194,64,female,white,17,29
24848.10633,66.95,female,white,12,31
87473.40752,75.04,male,white,18,34
32823.41494,65.68,female,hispanic,17,30
14525.06535,67.11,female,white,12,48
999.7960303,68.09,female,white,12,62
47682.54616,71.41,male,white,16,34
1002.439828,61.88,female,white,12,70
32801.26547,67.96,female,white,12,35
34947.91824,69.77,male,white,6,79
39823.37412,67.17,male,white,16,30
977.0953944,63.77,female,white,16,66
4758.443021,70.99,male,white,8,26
26437.65347,62.96,female,white,12,53
1012.993312,64.14,female,white,12,61
16878.835,60.61,female,black,12,43
24854.94245,65.34,female,black,12,32
44513.80489,66.96,male,white,12,50
50014.12247,65.18,male,white,14,39
150967.8783,66.3,male,white,18,56
60411.79974,66.64,male,white,12,44
47660.92521,73.89,male,white,12,45
57055.56534,73.95,male,white,16,46
20096.21742,66.07,female,white,13,26
16908.81132,69.12,female,white,16,29
72543.83602,66.05,female,white,18,48
63581.34565,74.27,male,white,16,60
34293.32094,71.96,male,white,12,31
22149.54276,66.26,male,white,12,66
60492.12123,67.04,male,other,17,58
2581.870402,64.79,female,white,12,22
22241.37095,65.29,male,white,12,77
24837.29869,64.98,female,white,12,35
1017.159961,62.58,female,hispanic,12,67
39167.74571,68.21,female,white,13,46
8161.623861,64.15,female,white,16,27
29627.84427,63.68,female,white,16,67
23260.53916,63.15,female,white,12,24
16903.35514,69.06,female,white,12,32
16108.24217,66.91,female,white,12,36
18516.68376,63.1,female,white,15,70
27100.83498,66.96,male,white,12,71
10559.48107,60.23,female,white,13,32
4972.035392,62.24,female,white,11,62
63505.67439,71.88,male,white,16,45
996.5617437,67.74,female,white,14,39
39706.41758,66.88,male,white,16,43
45523.4974,66,female,black,15,64
53471.43236,66.07,female,black,12,49
7370.751642,59.64,female,white,8,68
981.6289811,67.19,female,white,12,33
6528.937682,65.47,male,white,16,34
40752.14279,69.11,female,white,12,86
50863.95675,72.15,male,white,12,32
21674.31406,63.41,female,white,8,62
12698.1311,63.81,male,hispanic,8,31
987.9607965,61.66,female,other,17,30
993.1580653,64.93,female,white,13,60
28035.93983,64.08,female,white,12,42
24847.92161,67.41,female,white,12,81
28590.22198,65.71,male,white,13,36
19119.24976,73.4,male,white,12,28
11062.21663,73.87,male,white,7,53
1006.761541,65.63,female,white,12,28
2909.938058,65.08,female,white,14,26
-27.87681935,72.29,male,white,12,22
1000.221504,64.09,female,white,12,22
22329.15895,62.91,male,white,12,25
28028.84922,62.85,female,white,12,44
47765.34064,66.04,male,white,12,46
66.54283588,72.38,male,white,10,67
39678.5327,70.12,male,white,12,57
35978.77872,66.07,female,hispanic,12,37
24857.01602,62.92,female,white,12,25
42963.36201,72.94,male,white,12,95
32796.42456,63.26,female,white,16,30
15292.29678,68.74,female,white,11,38
994.5937579,66.3,female,white,14,28
27055.68663,72.35,male,white,12,34
3843.762866,67.86,female,white,12,50
29620.16509,64.07,female,white,12,50
40742.56415,63.38,female,white,18,46
31844.65186,70.34,male,black,16,45
120240.2782,63.8,female,white,15,44
6555.899147,66.3,female,white,12,44
58227.64317,60.76,female,white,12,75
47685.77934,72.2,male,white,12,29
40734.3058,64.77,female,white,13,82
2593.557403,63.79,female,white,14,30
95457.42124,67.82,male,white,12,70
55645.57789,73.86,male,white,13,80
14214.3088,67.14,male,white,13,37
55712.34843,70.13,male,white,9,88
18488.02244,66.21,female,white,10,62
19131.35554,70.93,male,white,12,56
47724.58341,70.96,male,white,12,47
30251.89265,71.1,male,black,7,61
14176.38725,73.37,male,white,9,65
47779.85992,75.01,male,white,16,33
988.0162365,62.18,female,white,12,37
14300.46058,71.72,male,white,12,36
24859.79607,65.36,female,hispanic,16,34
13712.52352,64.8,female,black,12,35
16884.77432,65.91,female,white,10,79
52499.27527,72.14,male,white,12,41
20095.90298,59.98,female,hispanic,12,32
29623.7009,64.12,female,white,15,41
48698.52505,65,female,white,13,65
20884.82177,64.94,female,white,12,36
16892.87407,62.1,female,black,12,40
13622.60934,67.76,male,black,13,75
33357.2799,72.91,male,black,14,50
1003.354724,62.98,female,white,12,33
34397.62697,63.58,female,white,12,81
1000.472513,65.81,female,white,13,28
34389.13204,67.92,female,white,17,29
1003.706543,63.1,female,white,13,43
8951.387277,65.83,female,white,12,56
35977.6148,70.85,female,white,17,40
47746.05656,72.99,male,white,14,30
1010.229032,64.17,female,white,12,32
196568.5892,61.32,female,white,14,62
13720.67406,62.68,female,white,9,49
1012.358652,63.12,female,white,9,58
994.5136807,61.78,female,white,8,60
4180.546045,64.29,female,white,9,29
13080.24806,67.15,female,white,6,66
1002.023843,66.59,female,white,12,22
992.1715478,60.73,female,white,18,49
16908.15688,63.28,female,white,12,29
55636.62224,73.11,male,white,12,52
24852.50972,66.06,female,white,16,61
7368.266106,70.2,female,white,12,26
25499.53966,68.08,male,white,8,28
1314.205874,66.84,female,white,12,37
36623.31219,74.3,male,white,16,29
26425.99746,64.28,female,white,16,31
982.1074726,61.11,female,white,12,31
996.9184997,66.34,female,white,12,56
10560.71633,59.71,female,white,12,53
1939.872576,59.32,female,white,9,50
995.5804645,62.15,female,black,16,40
996.2431507,61.78,female,black,14,65
1003.804146,61.56,female,white,12,29
44447.40996,74.83,male,other,16,38
7371.860195,65.92,female,white,8,70
23907.50568,64.37,male,white,12,39
23797.75135,71.15,male,white,12,29
999.2429586,60.96,female,white,10,39
40757.56845,63.02,female,white,12,34
24847.45991,67.2,female,white,12,30
63548.31362,69.24,male,white,11,48
47707.01188,69.64,male,white,11,55
8960.254558,66.11,female,white,12,33
55645.68185,73.98,male,white,14,38
26447.00357,65.03,female,white,14,35
45509.86505,63.49,female,white,16,44
31750.67703,68.1,male,white,15,46
33347.26371,66.19,male,white,13,34
27048.75269,69.33,male,black,12,46
39167.6226,59.75,female,white,13,54
40742.76915,60.61,female,white,12,79
63566.23284,74.98,male,white,12,50
998.7671877,63.01,female,hispanic,9,27
-98.58048907,69.12,male,white,13,24
993.102442,66.14,female,white,16,67
13718.62989,63.71,female,white,13,23
31214.71866,63.03,female,hispanic,15,49
72540.16739,66.94,female,white,16,73
7847.488282,64.33,male,black,17,37
-0.964888978,72.17,male,white,14,25
39165.67974,62.96,female,black,14,44
8939.874266,67.04,female,white,14,23
52519.63019,66.08,male,white,16,38
39148.22397,64.56,female,white,14,28
10524.33334,63.36,female,white,13,27
144086.4093,65.88,female,white,14,59
980.2989995,64.16,female,white,16,49
91628.44628,64.19,female,white,18,51
21922.31633,70.93,male,white,14,58
47648.57948,70.72,male,white,18,41
23809.44774,71.85,male,white,12,44
24860.64661,59.96,female,white,14,79
49236.36451,69.77,male,white,12,33
52421.82653,73.93,male,white,17,44
47707.84818,67.96,male,white,18,65
19150.33694,74.1,male,white,12,42
8012.349072,74.88,male,white,12,26
33388.29877,67.89,male,white,12,63
45529.93897,62.98,female,white,18,50
19031.9001,71.81,male,white,12,35
31207.47495,63.68,female,white,12,50
10557.20304,63.04,female,white,14,39
9431.115261,66.18,female,white,13,64
24852.91898,60.98,female,white,13,32
997.2485349,61.73,female,white,12,33
27009.50969,72.76,male,white,12,50
8466.49445,66.1,female,black,12,82
1007.994941,68.26,female,white,12,22
16124.96287,62.28,female,white,12,69
2634.964244,65.16,male,white,12,26
990.0826968,63.19,female,white,14,47
9576.388197,62.32,female,white,12,35
15892.2092,68.15,male,white,12,35
40744.87476,59.15,female,white,15,87
998.9254444,62.21,female,white,12,43
1013.524774,64.5,female,white,9,67
56656.30133,68.12,female,white,16,47
45523.58051,62.53,female,white,18,48
67762.22262,63.24,female,white,12,44
71609.06628,67.85,male,white,12,62
88453.59526,63.83,female,white,12,55
58228.08536,69.89,female,white,16,34
39858.0563,69.96,male,white,10,35
30161.92935,72.16,male,white,12,32
60431.91691,69.34,male,white,11,54
24850.19603,63.19,female,white,14,41
8162.682672,58.09,female,white,5,89
153635.7498,62.98,female,white,14,31
18497.95586,63.11,female,white,12,51
14306.43072,72.86,male,white,15,38
8945.551051,68.91,female,white,14,28
79540.64633,69.52,male,white,12,55
1007.911019,65.89,female,white,12,63
984.0472568,65.91,female,white,16,66
10537.46482,64.96,female,white,13,48
158930.4674,72.38,male,white,13,26
27220.00593,62.05,female,white,13,50
-25.65526037,68.9,male,white,12,22
50877.77617,71.69,male,white,14,44
47709.32926,73.13,male,white,18,45
16906.6361,68.19,female,white,16,46
1002.153897,63.62,female,white,12,39
24875.87166,65.8,female,white,12,23
11339.36239,59.92,female,white,8,87
42345.88183,60.31,female,white,18,67
28003.46747,65.03,female,white,12,63
35979.20023,62.73,female,other,18,63
16904.99845,64.38,female,white,12,45
79523.48684,70.81,male,white,14,62
31790.30067,67.43,male,white,12,39
1002.453711,66.78,female,white,13,63
1641.842466,62.86,female,white,12,35
26433.77956,64.82,female,white,14,63
16876.39178,65.85,female,white,12,70
23262.30627,63.38,female,white,13,62
8935.222877,65.04,female,white,15,24
63570.41437,73.88,male,white,16,38
8930.784556,67.27,female,white,13,59
40751.78353,67.65,female,white,17,51
20091.59644,65.17,female,white,12,55
93232.67243,63.72,female,white,16,38
29632.31009,67.94,female,white,16,30
1578.542814,64.53,male,white,12,22
33433.93647,72.24,male,white,17,51
17505.44546,65.73,male,black,12,66
21663.00432,63.69,female,white,12,40
991.995621,63.63,female,white,12,57
32809.63268,59.61,female,other,16,92
39829.32351,72.52,male,black,12,39
1945.445013,63.78,female,white,12,47
39693.92906,67.03,male,black,14,30
57292.99685,68,male,white,12,32
24854.10421,64.02,female,other,13,37
6566.257137,66.16,female,white,12,55
31215.74999,64.55,female,white,16,38
98558.7781,70.02,male,white,14,58
39773.24406,69.94,male,white,12,46
79507.98706,65.79,male,white,12,56
1002.600499,64.24,female,white,12,32
1001.666482,66.3,female,white,13,30
63533.34073,66.06,male,white,12,65
41283.50907,74.15,male,white,18,30
35981.51086,62.35,female,white,12,52
34393.35117,65.53,female,white,17,43
10719.19737,61.53,female,white,12,69
48700.485,64.8,female,black,18,68
10526.18933,63.02,female,white,12,82
42872.26401,71.38,male,white,16,33
7378.630166,66.01,female,white,16,46
8026.645794,62.04,female,other,6,76
999.8786616,61.82,female,white,12,80
8942.806716,62.97,female,white,10,91
1020.854718,64.72,female,white,9,79
71538.28933,67.4,male,white,18,44
29637.26797,60.78,female,white,14,49
10538.74472,65.8,female,white,15,26
988.1616283,61.2,female,white,12,53
22252.89939,71.68,male,white,12,28
56644.89677,69.27,female,white,14,28
24852.16953,64.25,female,white,16,33
20074.41898,62.75,female,black,12,33
2600.435252,60.24,female,white,12,51
50832.91878,69.42,male,black,15,37
2396.147787,73.13,male,white,12,23
5768.445034,65.09,female,black,16,27
56642.43644,63.69,female,white,12,46
990.8077122,63.03,female,white,12,49
998.6715676,62.86,female,white,16,33
111205.8551,72.18,male,white,15,52
34399.76229,66.98,female,white,16,32
79576.54194,68.85,male,white,11,22
23824.41049,70.75,male,white,9,25
-56.32197884,67.81,male,hispanic,10,22
-66.12830047,72.92,male,black,12,24
15316.98978,65.87,female,black,8,39
16906.28417,63.17,female,black,14,29
1013.912406,65.3,female,white,12,64
47740.83104,70.88,male,white,12,51
25452.1339,72.11,male,white,14,25
31876.57842,67.72,male,white,12,55
1003.371768,63.82,female,white,12,49
158996.0807,71.83,male,white,17,58
16889.98691,65.61,female,white,12,47
55635.38438,66.11,male,white,14,67
12115.91732,64.71,female,white,16,35
1007.250484,65,female,white,12,66
1010.463417,66.17,female,white,12,56
991.1244678,64.87,female,white,11,42
12721.33773,71.39,male,black,14,31
17477.47431,74.38,male,white,10,54
39764.53,69.77,male,white,9,51
40740.01391,63.82,female,white,14,49
47770.82248,69,male,white,14,52
25.50737933,66.02,male,white,12,30
77311.93896,62.62,female,white,18,38
28041.33998,68.02,female,white,12,50
1005.838474,70.7,female,white,8,74
41433.65911,72.86,male,white,16,28
16896.30809,63.35,female,white,12,65
995.7465796,65.19,female,white,11,61
95351.206,71.05,male,white,18,57
35978.36152,65.36,female,white,18,33
10861.09228,64.03,female,white,13,87
39168.29419,65.22,female,white,16,36
31789.2198,71.41,male,white,14,44
12137.24483,69.85,female,white,14,34
-30.42350246,72.38,male,black,12,23
48688.92975,67.71,female,black,16,52
37563.43427,65.88,female,white,18,32
32821.19369,63.71,female,white,12,44
5780.073675,66.19,female,white,16,33
999.6310357,62.82,female,white,12,35
47782.63254,70.35,male,white,16,45
20075.67655,64.23,female,white,14,27
993.3959925,66.15,female,white,7,45
1025.012903,63.26,female,white,10,41
63513.10274,71.25,male,white,12,42
24859.9458,64.02,female,white,14,27
58225.61174,62.42,female,white,16,49
16889.66112,65.5,female,white,12,57
995.5544896,63.08,female,white,11,69
21669.24845,67.98,female,white,14,52
1009.767046,64.88,female,white,12,63
1010.981366,60.61,female,white,14,45
16894.28354,61.77,female,black,12,31
47695.19506,68.89,male,black,12,41
36593.69324,64.16,male,white,13,36
31833.06417,69.63,male,white,17,72
31216.4728,64.6,female,white,13,86
31818.01176,61.21,male,black,11,70
44466.48065,63.44,male,black,14,67
21681.9346,65.14,female,white,10,84
19119.58424,63.61,male,white,12,79
31760.30975,69.06,male,white,11,27
39789.47342,73.88,male,white,12,34
40735.58211,67.8,female,white,13,56
1004.344366,67.65,female,white,12,38
1014.450456,64.91,female,white,14,45
29620.99701,66.87,female,white,16,44
988.5650702,64.71,female,white,12,22
995.3746175,64.18,female,white,18,50
10529.75065,62.09,female,white,10,72
25427.40016,72.05,male,white,13,27
71514.32892,73.05,male,white,16,42
39806.85217,69.94,male,white,14,73
20073.71565,63.99,female,white,14,42
4160.531055,67.87,female,white,12,22
16890.61726,62.86,female,white,12,22
22286.80041,71.18,male,white,12,40
24852.3362,64.41,female,white,12,35
995.172315,67.35,female,white,11,41
16901.82647,59.77,female,white,12,43
2919.126005,65.51,female,white,4,68
24850.83086,59.01,female,white,14,66
16900.74516,62.86,female,white,13,68
3163.022911,66.3,male,white,12,22
1006.017626,66.21,female,white,12,39
7365.503804,64.7,female,white,13,37
16894.02215,63.96,female,white,14,36
3393.789998,65.78,female,white,12,27
28624.17164,66.33,male,hispanic,17,30
6396.298584,72.99,male,white,15,28
44524.6055,71.76,male,white,16,30
16913.99832,74.3,female,white,14,26
5772.982086,65.06,female,white,16,26
999.2367371,63.53,female,white,14,35
19020.21263,71.06,male,white,12,25
31197.90288,68.08,female,white,13,49
1008.021839,61.35,female,white,12,37
57262.11577,69.77,male,white,16,43
12154.01247,64.19,female,white,16,63
56655.85205,59.16,female,white,11,38
63508.2745,68.27,male,white,18,47
23896.1226,68.31,male,white,14,29
13717.66574,69.24,female,white,13,47
40744.01423,69.02,female,white,14,59
44511.83887,75.02,male,white,18,42
35056.18974,68.75,male,white,14,39
34166.15882,72.1,male,black,13,28
5771.771149,68.35,female,white,12,27
36577.51144,71.74,male,white,13,32
28718.20504,71.88,male,white,12,77
31709.34531,66.61,male,white,16,75
26432.02386,63.23,female,hispanic,12,50
23817.84375,68.62,male,white,12,30
85268.64469,62.85,female,hispanic,17,36
41349.94837,71.99,male,white,12,31
7364.53214,64.81,female,other,12,32
15809.04488,72.98,male,white,16,63
68330.02917,69.06,male,white,12,55
27130.70191,69.07,male,other,14,37
7363.697431,60.66,female,hispanic,12,42
79485.88549,72.8,male,white,15,52
88456.4732,67.03,female,white,18,55
45507.97885,62.91,female,white,16,45
998.4296834,66.09,female,white,12,52
8951.016658,61.87,female,white,14,52
29614.94831,65.05,female,white,13,53
33385.64913,71.65,male,hispanic,15,66
20085.68725,66.91,female,white,12,37
53481.86112,65.46,female,hispanic,16,66
79582.97224,71.73,male,hispanic,13,68
10543.00598,65.35,female,hispanic,9,78
26433.44573,63.98,female,white,14,63
55665.7386,67.76,male,white,12,54
40750.95887,68.43,female,white,12,47
31779.05243,75.89,male,white,14,30
29618.67094,63.28,female,white,12,40
54032.41634,73.66,male,white,14,82
39720.11693,67.95,male,white,16,29
31789.54968,72.13,male,white,17,81
52556.66225,68.05,male,white,12,73
7362.324696,65.15,female,white,12,77
32821.73944,59.85,female,white,8,81
63629.14368,71.62,male,white,16,37
23272.68283,63.92,female,white,14,44
20070.42668,68.19,female,white,12,52
40752.78579,60.68,female,white,12,35
112293.2285,67.16,female,white,10,76
61431.23582,67.35,female,white,17,59
23273.06432,62.89,female,white,12,32
1005.668571,63.08,female,white,15,37
24867.39449,59.74,female,white,13,41
27052.31454,74.2,male,white,16,35
95353.79496,69.22,male,white,14,70
24862.39047,66.82,female,white,15,73
39757.94721,64.79,male,white,16,90
28612.78989,62.2,male,hispanic,12,67
-1.509369649,64.92,male,white,12,59
111285.6366,72.19,male,white,18,51
987.7837516,66.04,female,hispanic,11,53
48687.84848,65.16,female,white,18,63
13713.74424,61.86,female,white,12,55
47740.9785,70.87,male,white,16,38
998.7433843,62.2,female,white,11,30
42941.43511,71.11,male,white,14,36
74706.6533,70.24,male,white,18,47
19037.44549,67.15,male,hispanic,12,26
39157.75104,62.05,female,white,17,38
21664.65994,63.05,female,hispanic,12,39
128217.0422,60.94,female,white,14,41
7935.494807,71.42,male,white,12,22
1001.906633,64.92,female,white,12,32
40760.91156,63.15,female,white,10,64
44533.11,66.12,male,white,12,48
13695.75285,64.1,female,white,15,24
16880.99983,65.96,female,white,13,55
15296.73036,68.23,female,white,14,45
32784.82723,60.26,female,white,12,41
19053.56911,65.21,male,white,12,75
24854.23064,64.69,female,white,14,70
32789.37967,60.64,female,white,14,40
45525.7375,64.01,female,white,14,40
1432.290974,65.79,female,white,15,25
55693.55175,68.99,male,white,14,78
42341.55608,65.93,female,hispanic,14,36
43933.82807,66.67,female,white,17,38
23263.24625,68.63,female,white,12,34
50908.89708,65.76,male,white,16,37
16906.34604,68.97,female,white,14,36
11121.52826,69.72,male,white,16,34
44492.42226,71.03,male,white,17,50
95400.56098,73.8,male,white,13,58
19050.83169,68.91,male,white,4,66
1013.526228,65,female,white,13,67
995.7815339,65.21,female,white,12,50
24857.53033,74.88,female,white,13,79
23863.01233,71.57,male,white,11,67
42322.07371,64.12,female,white,15,36
992.8856721,58.99,female,black,12,47
-49.59762423,70.96,male,other,12,24
41288.42309,71.91,male,hispanic,16,29
30767.84611,63.23,female,black,10,40
1001.498043,68.29,female,black,12,26
20079.55743,63.8,female,black,12,77
127226.5997,69.95,male,white,17,43
77309.53294,66.06,female,white,13,43
28575.38556,62.05,male,other,16,31
135137.6869,70.25,male,white,15,69
56657.60813,64.13,female,black,12,51
8027.185316,68.63,male,white,16,26
15309.47021,63.81,female,hispanic,13,26
48708.17912,66.66,female,white,16,31
127277.4925,72.18,male,white,14,62
56642.96961,65.09,female,white,16,36
20084.66928,62.95,female,white,14,38
317949.128,70.24,male,white,18,38
7375.925709,63.98,female,white,16,49
3199.963255,68.07,male,white,12,22
39169.10005,66.02,female,white,18,73
3128.400454,65.48,male,hispanic,15,27
23908.08233,70.4,male,white,17,34
10533.104,61.49,female,white,12,69
7869.857088,65.83,male,white,12,79
3375.819307,65.86,female,hispanic,12,25
45509.39904,63.86,female,white,18,52
15290.24412,69.81,female,white,12,39
95402.65987,74.25,male,white,14,56
1889.140883,66.1,male,white,12,23
3224.436076,62.09,female,hispanic,3,68
12132.50277,65.95,female,white,13,47
34398.58044,62.01,female,white,12,35
69966.21289,68.9,male,white,12,62
46143.84782,68.08,male,black,16,40
4767.095974,72.33,male,hispanic,14,22
19086.12448,64.04,male,black,13,26
988.8786514,64.1,female,black,16,23
1000.688117,59.57,female,hispanic,9,43
31859.90395,72.28,male,hispanic,12,32
2912.616856,61.72,female,black,5,77
58812.55548,74.52,male,white,16,29
12721.5684,65.93,male,other,10,64
55596.62355,68.04,male,hispanic,16,34
39687.72034,61.89,male,other,14,41
29600.80026,71.22,female,white,10,33
48698.51733,62.99,female,black,16,40
31762.51948,68.73,male,white,18,73
19176.33419,70.83,male,hispanic,6,44
1003.948189,64.17,female,hispanic,12,69
16898.15398,66.07,female,white,12,72
28592.61548,72.31,male,white,14,52
986.1657287,62.46,female,hispanic,15,63
31868.47934,71.49,male,black,12,30
50293.34554,67.94,female,white,16,47
9521.391852,64.41,male,hispanic,10,40
1004.209777,64.37,female,white,12,42
19095.26155,69.52,male,white,13,44
21672.45903,65.56,female,white,16,37
42342.17593,67.01,female,white,17,38
24857.44136,67.82,female,black,11,35
48694.12417,64.07,female,white,17,32
4199.254822,65.01,female,white,14,45
7876.230872,69.78,male,other,13,26
85249.28388,71.28,female,white,14,30
993.7357983,63.83,female,white,12,40
4159.033222,61.54,female,white,13,22
39787.62141,70.48,male,white,17,33
8056.635012,73.65,male,white,12,22
34382.07403,64.86,female,white,13,31
28038.35789,70,female,white,15,31
20087.0439,63.81,female,white,13,41
66771.75393,70.25,male,hispanic,14,48
33417.52085,74.3,male,white,12,37
10531.98813,63.14,female,hispanic,12,69
994.5157465,59.23,female,hispanic,12,50
39790.7426,73.85,male,white,14,28
5753.107623,66.17,female,white,14,23
6722.68143,64.94,female,white,15,71
6373.617569,70.59,male,white,12,23
31879.35353,69.07,male,white,14,62
82711.75336,60.14,male,white,15,54
96406.76133,64.37,female,white,12,47
24839.63984,63.84,female,white,13,45
143040.7089,72.27,male,white,16,54
42349.19381,61.38,female,white,14,69
1013.288422,62.68,female,hispanic,13,36
3153.356653,69.16,male,white,12,25
26434.50261,66.82,female,white,12,65
39165.92894,65.15,female,hispanic,11,31
23905.68941,67.55,male,hispanic,16,32
66770.38965,74.1,male,white,17,47
1007.816761,62.35,female,white,15,52
16902.23965,64.83,female,white,12,47
27044.39899,70.96,male,hispanic,13,40
48702.17709,64.03,female,white,14,38
1000.885643,64.92,female,white,16,26
51874.20887,68.84,female,white,17,41
58234.58097,63.6,female,hispanic,17,38
15865.72683,71.9,male,hispanic,13,24
32792.05395,63.12,female,white,15,33
39160.1585,64.93,female,white,12,33
27043.67205,72.12,male,white,12,36
37592.31173,64.49,female,white,14,52
40747.96551,63.91,female,white,12,37
79603.45646,71.36,male,white,12,54
1006.469902,63.48,female,white,14,43
32793.91201,61.82,female,white,12,34
48693.20245,66.01,female,white,16,37
12137.67647,63.95,female,white,10,43
11176.06594,66.99,male,white,10,82
47774.25222,67.79,male,white,11,36
5761.175343,66.38,female,white,12,28
32799.14469,65.97,female,white,14,47
64607.96187,65.68,female,white,16,63
15899.40316,67.02,male,white,12,81
25361.82838,66.1,male,white,12,41
18482.95718,63.27,female,white,9,55
26432.88646,67.89,female,white,13,47
28644.5001,70.32,male,white,12,31
20065.08274,62.98,female,white,16,30
6354.842127,70.09,male,black,14,25
95416.6068,71.92,male,white,12,49
68428.92306,74.92,male,white,17,44
50299.05129,61.97,female,white,14,43
80518.40938,67.98,female,white,17,43
43919.89434,68.18,female,white,14,33
47712.44094,69.85,male,white,17,60
19182.60743,73.26,male,black,13,25
987.2651312,69.01,female,white,16,43
32798.05118,62.37,female,white,17,34
24849.19329,60.3,female,black,12,80
40757.93508,64.17,female,other,16,41
4184.222685,60.19,female,hispanic,6,71
4755.736508,72.94,male,hispanic,15,24
175901.4536,65.9,female,other,18,52
87473.96878,68.82,male,white,18,75
92205.59611,69.62,male,white,18,57
16905.55785,70.08,female,white,16,40
30173.38036,71.68,male,white,12,33
24853.51951,61.31,female,white,18,86
13710.67131,63.64,female,white,12,37
95426.01441,71.65,male,white,12,54
9575.461857,68.22,male,white,12,31
